MAE,R2,Nb_Clients_Test,Nb_Mois_Test
0.16747762628318186,0.6301468635887151,24,3
